modelo,src,tgt,tiempo
mBART,en,es,1.4280938746702192
M2M,en,es,0.7698116091300518
FlanT5,en,es,0.38040167739989433
NLLB,en,es,0.5028112545500295